{
  "hosting": {
    "public": "dist",
    "ignore": [
      "firebase.json",
      "**/.*",
      "**/node_modules/**"
    ],
    "headers": [
      {
        "source": "/index.html",
        "headers": [
          {
            "key": "Cache-Control",
            "value": "no-cache, no-store, must-revalidate"
          }
        ]
      },
      {
        "source": "/sw.js",
        "headers": [
          {
            "key": "Cache-Control",
            "value": "no-cache, no-store, must-revalidate"
          }
        ]
      },
      {
        "source": "/manifest.json",
        "headers": [
          {
            "key": "Cache-Control",
            "value": "no-cache, must-revalidate"
          }
        ]
      },
      {
        "source": "**/*.js",
        "headers": [
          {
            "key": "Cache-Control",
            "value": "public, max-age=31536000, immutable"
          }
        ]
      },
      {
        "source": "**/*.css",
        "headers": [
          {
            "key": "Cache-Control",
            "value": "public, max-age=31536000, immutable"
          }
        ]
      },
      {
        "source": "**/*.{png,jpg,jpeg,gif,webp,svg,ico}",
        "headers": [
          {
            "key": "Cache-Control",
            "value": "public, max-age=86400"
          }
        ]
      }
    ],
    "rewrites": [
      {
        "source": "**",
        "destination": "/index.html"
      }
    ]
  }
}
